{
    "Bird-drop": {
        "precision": 0.6326530612244898,
        "recall": 0.7045454545454546,
        "f1-score": 0.6666666666666666,
        "support": 44.0
    },
    "Clean": {
        "precision": 0.6,
        "recall": 0.675,
        "f1-score": 0.6352941176470588,
        "support": 40.0
    },
    "Dusty": {
        "precision": 0.6923076923076923,
        "recall": 0.6,
        "f1-score": 0.6428571428571429,
        "support": 45.0
    },
    "Electrical-damage": {
        "precision": 0.9166666666666666,
        "recall": 0.7333333333333333,
        "f1-score": 0.8148148148148148,
        "support": 15.0
    },
    "Physical-Damage": {
        "precision": 1.0,
        "recall": 0.4444444444444444,
        "f1-score": 0.6153846153846154,
        "support": 9.0
    },
    "Snow-Covered": {
        "precision": 0.6428571428571429,
        "recall": 0.75,
        "f1-score": 0.6923076923076923,
        "support": 24.0
    },
    "accuracy": 0.6666666666666666,
    "macro avg": {
        "precision": 0.7474140938426653,
        "recall": 0.6512205387205388,
        "f1-score": 0.6778875082796652,
        "support": 177.0
    },
    "weighted avg": {
        "precision": 0.6845714817869781,
        "recall": 0.6666666666666666,
        "f1-score": 0.6669476714342117,
        "support": 177.0
    }
}