{
    "loss": 1.2115365266799927,
    "accuracy": 0.6666666865348816
}