{
    "Bird-drop": {
        "precision": 0.7631578947368421,
        "recall": 0.6590909090909091,
        "f1-score": 0.7073170731707317,
        "support": 44.0
    },
    "Clean": {
        "precision": 0.7708333333333334,
        "recall": 0.925,
        "f1-score": 0.8409090909090909,
        "support": 40.0
    },
    "Dusty": {
        "precision": 0.7317073170731707,
        "recall": 0.6666666666666666,
        "f1-score": 0.6976744186046512,
        "support": 45.0
    },
    "Electrical-damage": {
        "precision": 0.9285714285714286,
        "recall": 0.8666666666666667,
        "f1-score": 0.896551724137931,
        "support": 15.0
    },
    "Physical-Damage": {
        "precision": 0.5555555555555556,
        "recall": 0.5555555555555556,
        "f1-score": 0.5555555555555556,
        "support": 9.0
    },
    "Snow-Covered": {
        "precision": 0.8888888888888888,
        "recall": 1.0,
        "f1-score": 0.9411764705882353,
        "support": 24.0
    },
    "accuracy": 0.7796610169491526,
    "macro avg": {
        "precision": 0.7731190696932032,
        "recall": 0.7788299663299663,
        "f1-score": 0.7731973888276994,
        "support": 177.0
    },
    "weighted avg": {
        "precision": 0.7774068628923833,
        "recall": 0.7796610169491526,
        "f1-score": 0.7750857336117049,
        "support": 177.0
    }
}