{
    "loss": 1.0347495079040527,
    "accuracy": 0.7796609997749329
}