{
    "Bird-drop": {
        "precision": 0.6923076923076923,
        "recall": 0.6136363636363636,
        "f1-score": 0.6506024096385542,
        "support": 44.0
    },
    "Clean": {
        "precision": 0.6818181818181818,
        "recall": 0.75,
        "f1-score": 0.7142857142857143,
        "support": 40.0
    },
    "Dusty": {
        "precision": 0.631578947368421,
        "recall": 0.5333333333333333,
        "f1-score": 0.5783132530120482,
        "support": 45.0
    },
    "Electrical-damage": {
        "precision": 0.7777777777777778,
        "recall": 0.9333333333333333,
        "f1-score": 0.8484848484848485,
        "support": 15.0
    },
    "Physical-Damage": {
        "precision": 0.4,
        "recall": 0.4444444444444444,
        "f1-score": 0.42105263157894735,
        "support": 9.0
    },
    "Snow-Covered": {
        "precision": 0.75,
        "recall": 0.875,
        "f1-score": 0.8076923076923077,
        "support": 24.0
    },
    "accuracy": 0.6779661016949152,
    "macro avg": {
        "precision": 0.6555804332120122,
        "recall": 0.6916245791245791,
        "f1-score": 0.67007186078207,
        "support": 177.0
    },
    "weighted avg": {
        "precision": 0.6747004804096686,
        "recall": 0.6779661016949152,
        "f1-score": 0.6730135185150607,
        "support": 177.0
    }
}