{
    "loss": 1.492627501487732,
    "accuracy": 0.6779661178588867
}