{
    "loss": 2.065129041671753,
    "accuracy": 0.38983049988746643
}