{
    "loss": 0.49905139207839966,
    "accuracy": 0.7805907130241394
}