{
    "Clean": {
        "precision": 0.620253164556962,
        "recall": 1.0,
        "f1-score": 0.765625,
        "support": 147.0
    },
    "Dusty": {
        "precision": 0.0,
        "recall": 0.0,
        "f1-score": 0.0,
        "support": 90.0
    },
    "accuracy": 0.620253164556962,
    "macro avg": {
        "precision": 0.310126582278481,
        "recall": 0.5,
        "f1-score": 0.3828125,
        "support": 237.0
    },
    "weighted avg": {
        "precision": 0.3847139881429258,
        "recall": 0.620253164556962,
        "f1-score": 0.47488132911392406,
        "support": 237.0
    }
}