{
    "loss": 0.6796465516090393,
    "accuracy": 0.6202531456947327
}