{
    "accuracy": [
        0.20596590638160706,
        0.22585226595401764,
        0.2642045319080353,
        0.25710228085517883,
        0.2926136255264282,
        0.28835228085517883,
        0.2713068127632141
    ],
    "loss": [
        2.5005571842193604,
        2.385551691055298,
        2.2769548892974854,
        2.218806505203247,
        2.1677162647247314,
        2.1246747970581055,
        2.127971887588501
    ],
    "val_accuracy": [
        0.2571428716182709,
        0.2742857038974762,
        0.3085714280605316,
        0.2971428632736206,
        0.2914285659790039,
        0.2914285659790039,
        0.2857142984867096
    ],
    "val_loss": [
        1.8675609827041626,
        1.8608334064483643,
        1.861112117767334,
        1.8676265478134155,
        1.878744125366211,
        1.904533863067627,
        1.9294432401657104
    ],
    "learning_rate": [
        9.999999747378752e-06,
        9.999999747378752e-06,
        9.999999747378752e-06,
        9.999999747378752e-06,
        9.999999747378752e-06,
        4.999999873689376e-06,
        4.999999873689376e-06
    ]
}