{
    "loss": 1.8608334064483643,
    "accuracy": 0.2742857038974762
}