{
    "Bird-drop": {
        "precision": 0.30952380952380953,
        "recall": 0.8863636363636364,
        "f1-score": 0.4588235294117647,
        "support": 44.0
    },
    "Clean": {
        "precision": 0.25,
        "recall": 0.025,
        "f1-score": 0.045454545454545456,
        "support": 40.0
    },
    "Dusty": {
        "precision": 0.35,
        "recall": 0.15555555555555556,
        "f1-score": 0.2153846153846154,
        "support": 45.0
    },
    "Electrical-damage": {
        "precision": 0.0,
        "recall": 0.0,
        "f1-score": 0.0,
        "support": 15.0
    },
    "Physical-Damage": {
        "precision": 0.0,
        "recall": 0.0,
        "f1-score": 0.0,
        "support": 9.0
    },
    "Snow-Covered": {
        "precision": 0.6923076923076923,
        "recall": 0.75,
        "f1-score": 0.72,
        "support": 24.0
    },
    "accuracy": 0.3672316384180791,
    "macro avg": {
        "precision": 0.26697191697191697,
        "recall": 0.3028198653198653,
        "f1-score": 0.2399437817084876,
        "support": 177.0
    },
    "weighted avg": {
        "precision": 0.31629622731317647,
        "recall": 0.3672316384180791,
        "f1-score": 0.27671595934806303,
        "support": 177.0
    }
}