{
    "loss": 2.1158578395843506,
    "accuracy": 0.3672316372394562
}