{
    "Bird-drop": {
        "precision": 0.75,
        "recall": 0.6136363636363636,
        "f1-score": 0.675,
        "support": 44.0
    },
    "Clean": {
        "precision": 0.7380952380952381,
        "recall": 0.775,
        "f1-score": 0.7560975609756098,
        "support": 40.0
    },
    "Dusty": {
        "precision": 0.7575757575757576,
        "recall": 0.5555555555555556,
        "f1-score": 0.6410256410256411,
        "support": 45.0
    },
    "Electrical-damage": {
        "precision": 0.7142857142857143,
        "recall": 1.0,
        "f1-score": 0.8333333333333334,
        "support": 15.0
    },
    "Physical-Damage": {
        "precision": 0.3125,
        "recall": 0.5555555555555556,
        "f1-score": 0.4,
        "support": 9.0
    },
    "Snow-Covered": {
        "precision": 0.7241379310344828,
        "recall": 0.875,
        "f1-score": 0.7924528301886793,
        "support": 24.0
    },
    "accuracy": 0.7005649717514124,
    "macro avg": {
        "precision": 0.6660991068318655,
        "recall": 0.7291245791245791,
        "f1-score": 0.6829848942538773,
        "support": 177.0
    },
    "weighted avg": {
        "precision": 0.7204565800781465,
        "recall": 0.7005649717514124,
        "f1-score": 0.7000504192638787,
        "support": 177.0
    }
}