{
    "loss": 1.4028371572494507,
    "accuracy": 0.700564980506897
}