{
    "loss": 0.9281397461891174,
    "accuracy": 0.8079096078872681
}