{
    "loss": 0.7673749923706055,
    "accuracy": 0.8644067645072937
}