{
    "loss": 1.4057095050811768,
    "accuracy": 0.6384180784225464
}