{
    "accuracy": [
        0.17514124512672424,
        0.17231638729572296,
        0.1906779706478119,
        0.18220339715480804,
        0.1836158186197281,
        0.1878531128168106,
        0.19915254414081573,
        0.20056496560573578,
        0.20197740197181702,
        0.2118644118309021
    ],
    "loss": [
        2.7862889766693115,
        2.7513649463653564,
        2.693885087966919,
        2.669804811477661,
        2.675319194793701,
        2.634476900100708,
        2.5408194065093994,
        2.533419609069824,
        2.4727182388305664,
        2.492973566055298
    ],
    "val_accuracy": [
        0.08474576473236084,
        0.0903954803943634,
        0.1355932205915451,
        0.1525423675775528,
        0.15819208323955536,
        0.1807909607887268,
        0.1977401077747345,
        0.1977401077747345,
        0.18644067645072937,
        0.18644067645072937
    ],
    "val_loss": [
        2.215277910232544,
        2.211186408996582,
        2.208538055419922,
        2.2064149379730225,
        2.2055249214172363,
        2.205622673034668,
        2.205799102783203,
        2.207019090652466,
        2.2131121158599854,
        2.2210326194763184
    ],
    "learning_rate": [
        9.999999747378752e-06,
        9.999999747378752e-06,
        9.999999747378752e-06,
        9.999999747378752e-06,
        9.999999747378752e-06,
        9.999999747378752e-06,
        9.999999747378752e-06,
        9.999999747378752e-06,
        4.999999873689376e-06,
        4.999999873689376e-06
    ]
}