{
    "loss": 2.2055246829986572,
    "accuracy": 0.15819208323955536
}