{
    "Clean": {
        "precision": 0.7090909090909091,
        "recall": 0.7222222222222222,
        "f1-score": 0.7155963302752294,
        "support": 54.0
    },
    "Damage": {
        "precision": 0.7192982456140351,
        "recall": 0.8367346938775511,
        "f1-score": 0.7735849056603774,
        "support": 49.0
    },
    "Dirty": {
        "precision": 0.7592592592592593,
        "recall": 0.5540540540540541,
        "f1-score": 0.640625,
        "support": 74.0
    },
    "Snow-Covered": {
        "precision": 0.6744186046511628,
        "recall": 0.90625,
        "f1-score": 0.7733333333333333,
        "support": 32.0
    },
    "accuracy": 0.7177033492822966,
    "macro avg": {
        "precision": 0.7155167546538416,
        "recall": 0.7548152425384568,
        "f1-score": 0.7257848923172351,
        "support": 209.0
    },
    "weighted avg": {
        "precision": 0.7239382950240154,
        "recall": 0.7177033492822966,
        "f1-score": 0.7114869802817586,
        "support": 209.0
    }
}