{
    "loss": 1.1882901191711426,
    "accuracy": 0.7177033424377441
}