{
    "Bird-drop": {
        "precision": 0.7619047619047619,
        "recall": 0.7272727272727273,
        "f1-score": 0.7441860465116279,
        "support": 44.0
    },
    "Clean": {
        "precision": 0.7727272727272727,
        "recall": 0.85,
        "f1-score": 0.8095238095238095,
        "support": 40.0
    },
    "Dusty": {
        "precision": 0.7209302325581395,
        "recall": 0.6888888888888889,
        "f1-score": 0.7045454545454546,
        "support": 45.0
    },
    "Electrical-damage": {
        "precision": 0.9333333333333333,
        "recall": 0.9333333333333333,
        "f1-score": 0.9333333333333333,
        "support": 15.0
    },
    "Physical-Damage": {
        "precision": 0.8333333333333334,
        "recall": 0.5555555555555556,
        "f1-score": 0.6666666666666666,
        "support": 9.0
    },
    "Snow-Covered": {
        "precision": 0.8888888888888888,
        "recall": 1.0,
        "f1-score": 0.9411764705882353,
        "support": 24.0
    },
    "accuracy": 0.7909604519774012,
    "macro avg": {
        "precision": 0.8185196371242883,
        "recall": 0.7925084175084175,
        "f1-score": 0.7999052968615211,
        "support": 177.0
    },
    "weighted avg": {
        "precision": 0.7893112668437855,
        "recall": 0.7909604519774012,
        "f1-score": 0.7876718597521305,
        "support": 177.0
    }
}