{
    "loss": 1.0253814458847046,
    "accuracy": 0.790960431098938
}