{
    "accuracy": [
        0.20056496560573578,
        0.1807909607887268,
        0.16949152946472168,
        0.1807909607887268,
        0.17090395092964172,
        0.16807909309864044,
        0.14830508828163147,
        0.17231638729572296,
        0.17231638729572296,
        0.14689265191555023,
        0.15819208323955536,
        0.17514124512672424,
        0.1765536665916443,
        0.1807909607887268,
        0.17090395092964172,
        0.1765536665916443,
        0.16384181380271912,
        0.14689265191555023,
        0.1878531128168106,
        0.17796610295772552
    ],
    "loss": [
        2.413703203201294,
        2.384495735168457,
        2.3574650287628174,
        2.3913471698760986,
        2.3304378986358643,
        2.329679489135742,
        2.3379971981048584,
        2.3328890800476074,
        2.336322784423828,
        2.32270884513855,
        2.334942579269409,
        2.299306869506836,
        2.3249077796936035,
        2.297018527984619,
        2.30273175239563,
        2.2840521335601807,
        2.2985405921936035,
        2.3183035850524902,
        2.3056142330169678,
        2.3010263442993164
    ],
    "val_accuracy": [
        0.050847455859184265,
        0.050847455859184265,
        0.050847455859184265,
        0.050847455859184265,
        0.050847455859184265,
        0.2259887009859085,
        0.16384181380271912,
        0.2259887009859085,
        0.2259887009859085,
        0.2259887009859085,
        0.2259887009859085,
        0.2259887009859085,
        0.2259887009859085,
        0.2259887009859085,
        0.2259887009859085,
        0.2259887009859085,
        0.2259887009859085,
        0.2259887009859085,
        0.2259887009859085,
        0.2259887009859085
    ],
    "val_loss": [
        2.3064770698547363,
        2.296156406402588,
        2.286184310913086,
        2.284526824951172,
        2.278756618499756,
        2.272345542907715,
        2.267937183380127,
        2.2574965953826904,
        2.257208824157715,
        2.248823404312134,
        2.247579574584961,
        2.248126268386841,
        2.2329812049865723,
        2.2239272594451904,
        2.2227282524108887,
        2.2386763095855713,
        2.2435240745544434,
        2.2500948905944824,
        2.2395670413970947,
        2.2370543479919434
    ],
    "learning_rate": [
        9.999999747378752e-06,
        9.999999747378752e-06,
        9.999999747378752e-06,
        9.999999747378752e-06,
        9.999999747378752e-06,
        9.999999747378752e-06,
        9.999999747378752e-06,
        9.999999747378752e-06,
        9.999999747378752e-06,
        9.999999747378752e-06,
        9.999999747378752e-06,
        9.999999747378752e-06,
        9.999999747378752e-06,
        9.999999747378752e-06,
        9.999999747378752e-06,
        9.999999747378752e-06,
        9.999999747378752e-06,
        9.999999747378752e-06,
        4.999999873689376e-06,
        4.999999873689376e-06
    ]
}