{
    "loss": 2.2227282524108887,
    "accuracy": 0.2259887009859085
}